time_ms,ch0,ch1,ch2,ch3,ch4,ch5,ch6,ch7,ch8,ch9,ch10,ch11,ch12,ch13,ch14,ch15
0,100,90,120,90,89,120,120,90,90,98,60,60,93,90,60,90
50,100,88,119,90,89,118,118,90,90,98,58,61,93,88,59,90
100,100,86,118,90,89,116,116,90,90,98,57,64,93,86,58,90
150,100,85,116,90,89,119,118,90,90,98,55,66,93,86,58,90
200,100,82,115,90,89,123,122,90,90,98,52,67,93,89,61,90
250,100,79,114,90,89,126,125,90,90,98,50,69,93,92,62,90
300,100,75,112,90,89,130,128,90,90,98,46,71,93,95,61,90
350,100,72,109,90,89,134,129,90,90,98,43,74,93,96,61,90
400,100,73,110,90,89,137,128,90,90,98,42,77,93,100,60,90
450,100,74,109,90,89,138,126,90,90,98,40,80,93,103,60,90
500,100,72,107,90,89,139,124,90,90,98,38,82,93,103,59,90
550,100,72,106,90,89,136,123,90,90,98,36,82,93,100,59,90
600,100,73,107,90,89,133,122,90,90,98,36,79,93,97,58,90
650,100,76,111,90,89,130,120,90,90,98,38,75,93,95,57,90
700,100,80,113,90,89,128,118,90,90,98,39,72,93,92,55,90
750,100,83,114,90,89,125,116,90,90,98,41,68,93,89,54,90
800,100,86,115,90,89,122,114,90,90,98,44,65,93,86,52,90
850,100,88,114,90,89,119,113,90,90,98,47,61,93,84,50,90
900,100,89,115,90,89,117,111,90,90,98,49,59,93,81,50,90
950,100,91,115,90,89,114,109,90,90,98,53,58,93,79,50,90
1000,100,92,115,90,89,111,108,90,90,98,56,59,93,79,50,90
1050,100,94,117,90,89,108,106,90,90,98,59,57,93,76,50,90
1100,100,96,118,90,89,106,104,90,90,98,63,57,93,75,50,90
1150,100,99,118,90,89,103,101,90,90,98,66,59,93,72,50,90
1200,100,99,119,90,89,102,101,90,90,98,64,61,93,75,50,90
1250,100,99,116,90,89,102,103,90,90,98,62,63,93,72,50,90
1300,100,96,115,90,89,105,106,90,90,98,60,65,93,74,50,90
1350,100,93,114,90,89,108,110,90,90,98,58,67,93,77,51,90
1400,100,90,113,90,89,111,113,90,90,98,55,69,93,80,54,90
1450,100,87,112,90,89,115,117,90,90,98,52,71,93,83,57,90
1500,100,84,110,90,89,119,120,90,90,98,50,73,93,86,59,90
1550,100,81,108,90,89,122,124,90,90,98,46,75,93,89,61,90
1600,100,77,106,90,89,126,126,90,90,98,43,77,93,91,62,90
1650,100,77,105,90,89,130,125,90,90,98,40,80,93,93,62,90
1700,100,77,105,90,89,128,124,90,90,98,38,80,93,94,60,90
1750,100,73,102,90,89,123,122,90,90,98,39,77,93,91,57,90
1800,100,74,105,90,89,120,120,90,90,98,41,73,93,88,55,90
1850,100,75,109,90,89,116,118,90,90,98,41,70,93,85,54,90
1900,100,78,112,90,89,113,116,90,90,98,42,66,93,81,52,90
1950,100,80,115,90,89,110,114,90,90,98,44,63,93,78,50,90
2000,100,83,118,90,89,107,112,90,90,98,48,59,93,75,50,90
2050,100,86,120,90,89,104,108,90,90,98,51,56,93,71,50,90
2100,100,89,122,90,89,102,105,90,90,98,55,55,93,69,50,90
2150,100,92,125,90,89,100,102,90,90,98,59,58,93,68,50,90
2200,100,96,124,90,89,98,102,90,90,98,57,60,93,67,50,90
2250,100,95,122,90,89,99,105,90,90,98,54,61,93,67,50,90
2300,100,92,121,90,89,101,107,90,90,98,52,62,93,70,50,90
2350,100,90,120,90,89,103,111,90,90,98,50,64,93,73,52,90
2400,100,87,118,90,89,106,114,90,90,98,48,66,93,75,53,90
2450,100,85,117,90,89,110,117,90,90,98,46,68,93,78,55,90
2500,100,82,115,90,89,114,121,90,90,98,43,70,93,81,56,90
2550,100,80,112,90,89,117,124,90,90,98,42,73,93,84,56,90
2600,100,80,109,90,89,121,127,90,90,98,40,76,93,88,57,90
2650,100,79,105,90,89,125,128,90,90,98,39,78,93,91,58,90
2700,100,77,102,90,89,125,127,90,90,98,37,78,93,91,57,90
2750,100,76,102,90,89,121,125,90,90,98,37,75,93,88,55,90
2800,100,77,106,90,89,117,124,90,90,98,38,71,93,85,53,90
2850,100,78,109,90,89,114,122,90,90,98,39,68,93,82,51,90
2900,100,79,112,90,89,111,120,90,90,98,40,64,93,79,50,90
2950,100,81,116,90,89,107,117,90,90,98,43,61,93,76,50,90
3000,100,83,119,90,89,104,115,90,90,98,46,57,93,72,50,90
3050,100,86,122,90,89,101,111,90,90,98,50,57,93,69,50,90
3100,100,88,121,90,89,100,112,90,90,98,48,59,93,70,50,90
3150,100,86,118,90,89,101,115,90,90,98,46,61,93,73,50,90
3200,100,84,116,90,89,104,118,90,90,98,44,63,93,74,50,90
3250,100,82,115,90,89,108,121,90,90,98,42,65,93,76,51,90
3300,100,81,111,90,89,111,125,90,90,98,41,67,93,79,52,90
3350,100,80,108,90,89,115,127,90,90,98,39,69,93,82,54,90
3400,100,79,105,90,89,119,129,90,90,98,38,71,93,86,55,90
3450,100,80,101,90,89,122,130,90,90,98,37,73,93,89,56,90
3500,100,78,99,90,89,119,129,90,90,98,36,71,93,88,53,90
3550,100,77,102,90,89,116,128,90,90,98,37,68,93,85,52,90
3600,100,78,105,90,89,113,126,90,90,98,38,64,93,82,50,90
3650,100,78,108,90,89,109,124,90,90,98,39,61,93,79,50,90
3700,100,79,111,90,89,106,122,90,90,98,41,57,93,76,50,90
3750,100,80,115,90,89,102,119,90,90,98,45,55,93,73,50,90
3800,100,83,116,90,89,102,119,90,90,98,44,58,93,74,50,90
3850,100,83,114,90,89,104,122,90,90,98,43,60,93,76,50,90
3900,100,81,112,90,89,108,125,90,90,98,41,62,93,77,50,90
3950,100,81,109,90,89,112,127,90,90,98,40,65,93,79,50,90
4000,100,79,107,90,89,116,129,90,90,98,39,67,93,82,52,90
4050,100,79,104,90,89,119,130,90,90,98,38,69,93,84,53,90
4100,100,79,100,90,89,123,130,90,90,98,37,71,93,87,54,90
4150,100,77,97,90,89,123,129,90,90,98,36,71,93,88,54,90
4200,100,77,100,90,89,120,128,90,90,98,37,68,93,85,53,90
4250,100,77,103,90,89,117,126,90,90,98,38,64,93,83,51,90
4300,100,78,106,90,89,113,124,90,90,98,39,61,93,80,50,90
4350,100,78,110,90,89,110,123,90,90,98,41,57,93,77,50,90
4400,100,79,113,90,89,106,120,90,90,98,44,55,93,74,50,90
4450,100,80,116,90,89,103,119,90,90,98,46,58,93,73,50,90
4500,100,84,118,90,89,105,122,90,90,98,44,60,93,75,50,90
4550,100,85,116,90,89,109,124,90,90,98,43,62,93,75,50,90
4600,100,83,114,90,89,113,126,90,90,98,41,64,93,76,50,90
4650,100,83,111,90,89,116,128,90,90,98,40,66,93,79,51,90
4700,100,81,109,90,89,120,130,90,90,98,39,69,93,82,53,90
4750,100,80,106,90,89,124,129,90,90,98,38,71,93,85,54,90
4800,100,80,103,90,89,128,129,90,90,98,37,73,93,88,55,90
4850,100,79,100,90,89,129,128,90,90,98,36,76,93,91,55,90
4900,100,77,99,90,89,126,127,90,90,98,36,73,93,88,53,90
4950,100,78,102,90,89,123,126,90,90,98,37,70,93,86,52,90
5000,100,79,105,90,89,120,124,90,90,98,38,66,93,83,50,90
5050,100,80,109,90,89,116,122,90,90,98,39,63,93,81,50,90
5100,100,81,112,90,89,113,120,90,90,98,41,59,93,78,50,90
5150,100,83,116,90,89,109,118,90,90,98,45,56,93,74,50,90
5200,100,85,119,90,89,106,116,90,90,98,48,57,93,71,50,90
5250,100,87,121,90,89,102,116,90,90,98,47,60,93,69,50,90
5300,100,91,120,90,89,104,119,90,90,98,45,61,93,71,50,90
5350,100,89,118,90,89,108,123,90,90,98,43,63,93,72,50,90
5400,100,87,116,90,89,112,126,90,90,98,41,65,93,74,50,90
5450,100,85,114,90,89,116,128,90,90,98,40,68,93,77,50,90
5500,100,84,111,90,89,119,130,90,90,98,39,70,93,81,51,90
5550,100,83,108,90,89,123,130,90,90,98,38,73,93,84,52,90
5600,100,83,106,90,89,126,129,90,90,98,37,75,93,87,53,90
5650,100,81,105,90,89,123,128,90,90,98,36,72,93,85,51,90
5700,100,81,108,90,89,120,126,90,90,98,37,69,93,83,50,90
5750,100,82,111,90,89,116,124,90,90,98,39,66,93,80,50,90
5800,100,84,114,90,89,113,122,90,90,98,40,62,93,77,50,90
5850,100,85,118,90,89,109,120,90,90,98,44,59,93,73,50,90
5900,100,87,121,90,89,105,118,90,90,98,46,59,93,70,50,90
5950,100,89,121,90,89,104,121,90,90,98,44,60,93,71,50,90
6000,100,93,120,90,89,108,124,90,90,98,42,63,93,73,50,90
6050,100,93,117,90,89,112,127,90,90,98,41,64,93,75,50,90
6100,100,91,116,90,89,115,129,90,90,98,39,67,93,77,50,90
6150,100,90,114,90,89,119,131,90,90,98,39,70,93,81,50,90
6200,100,89,111,90,89,123,131,90,90,98,38,73,93,84,52,90
6250,100,87,109,90,89,126,131,90,90,98,38,76,93,88,53,90
6300,100,87,109,90,89,130,128,90,90,98,37,79,93,91,53,90
6350,100,85,107,90,89,127,127,90,90,98,37,76,93,89,51,90
6400,100,85,110,90,89,124,126,90,90,98,38,72,93,87,50,90
6450,100,88,113,90,89,120,124,90,90,98,39,69,93,84,50,90
6500,100,91,116,90,89,117,122,90,90,98,42,65,93,81,50,90
6550,100,94,120,90,89,113,119,90,90,98,44,62,93,77,50,90
6600,100,96,123,90,89,109,117,90,90,98,48,58,93,74,50,90
6650,100,99,125,90,89,105,115,90,90,98,51,58,93,70,50,90
6700,100,103,122,90,89,103,115,90,90,98,49,60,93,70,50,90
6750,100,106,118,90,89,105,118,90,90,98,46,61,93,70,50,90
6800,100,104,117,90,89,108,122,90,90,98,44,62,93,72,50,90
6850,100,101,116,90,89,112,125,90,90,98,42,64,93,75,50,90
6900,100,99,115,90,89,115,128,90,90,98,40,67,93,78,50,90
6950,100,97,114,90,89,119,130,90,90,98,39,70,93,82,51,90
7000,100,98,114,90,89,123,130,90,90,98,39,74,93,86,52,90
7050,100,97,113,90,89,126,129,90,90,98,38,77,93,89,55,90
7100,100,95,112,90,89,130,128,90,90,98,37,80,93,91,55,90
7150,100,92,112,90,89,127,127,90,90,98,37,78,93,89,52,90
7200,100,92,115,90,89,123,125,90,90,98,38,75,93,86,51,90
7250,100,95,118,90,89,120,123,90,90,98,39,71,93,83,50,90
7300,100,99,120,90,89,117,121,90,90,98,42,68,93,80,50,90
7350,100,102,122,90,89,114,119,90,90,98,44,64,93,77,50,90
7400,100,105,123,90,89,110,117,90,90,98,48,61,93,74,50,90
7450,100,108,124,90,89,106,115,90,90,98,51,57,93,70,50,90
7500,100,108,124,90,89,102,111,90,90,98,55,59,93,66,50,90
7550,100,108,121,90,89,102,115,90,90,98,51,60,93,63,50,90
7600,100,106,121,90,89,104,118,90,90,98,48,61,93,65,50,90
7650,100,103,120,90,89,108,121,90,90,98,46,62,93,68,50,90
7700,100,100,119,90,89,112,125,90,90,98,44,64,93,71,50,90
7750,100,97,117,90,89,115,128,90,90,98,42,67,93,74,51,90
7800,100,95,116,90,89,119,130,90,90,98,41,70,93,78,51,90
7850,100,96,116,90,89,123,131,90,90,98,40,73,93,81,53,90
7900,100,95,114,90,89,127,131,90,90,98,40,76,93,85,55,90
7950,100,93,113,90,89,130,129,90,90,98,39,79,93,87,56,90
8000,100,93,114,90,89,134,126,90,90,98,38,83,93,90,56,90
8050,100,92,112,90,89,133,125,90,90,98,38,83,93,91,55,90
8100,100,89,114,90,89,130,124,90,90,98,38,80,93,89,53,90
8150,100,92,117,90,89,127,122,90,90,98,39,76,93,86,52,90
8200,100,95,119,90,89,124,120,90,90,98,41,73,93,83,51,90
8250,100,99,119,90,89,121,118,90,90,98,44,70,93,80,50,90
8300,100,103,118,90,89,117,116,90,90,98,47,66,93,77,50,90
8350,100,106,117,90,89,114,114,90,90,98,50,63,93,73,50,90
8400,100,108,116,90,89,110,111,90,90,98,54,59,93,70,50,90
8450,100,108,117,90,89,106,109,90,90,98,57,57,93,66,50,90
8500,100,108,120,90,89,104,107,90,90,98,61,60,93,65,50,90
8550,100,108,119,90,89,102,107,90,90,98,59,62,93,65,50,90
8600,100,106,119,90,89,104,110,90,90,98,57,63,93,66,50,90
8650,100,103,118,90,89,107,114,90,90,98,55,64,93,68,50,90
8700,100,100,117,90,89,111,117,90,90,98,53,66,93,71,51,90
8750,100,97,116,90,89,115,121,90,90,98,51,68,93,73,50,90
8800,100,94,117,90,89,118,124,90,90,98,49,71,93,74,50,90
8850,100,97,117,90,89,122,127,90,90,98,47,73,93,77,50,90
8900,100,100,116,90,89,126,125,90,90,98,45,75,93,78,51,90
8950,100,98,115,90,89,129,125,90,90,98,44,77,93,80,53,90
9000,100,96,115,90,89,132,124,90,90,98,43,80,93,81,51,90
9050,100,98,114,90,89,136,122,90,90,98,43,83,93,85,53,90
9100,100,96,113,90,89,136,119,90,90,98,42,86,93,86,53,90
9150,100,95,114,90,89,134,117,90,90,98,41,86,93,85,51,90
9200,100,95,115,90,89,131,116,90,90,98,42,83,93,82,50,90
9250,100,98,116,90,89,128,114,90,90,98,44,79,93,79,50,90
9300,100,101,117,90,89,125,112,90,90,98,46,76,93,76,50,90
9350,100,105,117,90,89,121,110,90,90,98,49,72,93,73,50,90
9400,100,108,119,90,89,118,107,90,90,98,52,69,93,69,50,90
9450,100,108,120,90,89,114,105,90,90,98,55,65,93,65,50,90
9500,100,109,120,90,89,110,102,90,90,98,59,66,93,60,50,90
9550,100,108,121,90,89,107,101,90,90,98,60,69,93,60,50,90
9600,100,107,119,90,89,106,105,90,90,98,58,69,93,61,50,90
9650,100,105,118,90,89,109,108,90,90,98,56,71,93,63,50,90
9700,100,102,117,90,89,113,111,90,90,98,54,72,93,66,50,90
9750,100,100,118,90,89,114,115,90,90,98,52,74,93,67,50,90
9800,100,103,119,90,89,116,118,90,90,98,50,75,93,68,50,90
9850,100,107,116,90,89,119,120,90,90,98,48,77,93,68,50,90
9900,100,107,114,90,89,122,120,90,90,98,47,78,93,69,50,90
9950,100,105,113,90,89,125,121,90,90,98,46,81,93,72,50,90
10000,100,105,114,90,89,128,122,90,90,98,46,83,93,73,50,90
