time_s,hip_fl_deg,hip_fl_cmd,knee_fl_deg,knee_fl_cmd,hip_fr_deg,hip_fr_cmd,knee_fr_deg,knee_fr_cmd,hip_rl_deg,hip_rl_cmd,knee_rl_deg,knee_rl_cmd,hip_rr_deg,hip_rr_cmd,knee_rr_deg,knee_rr_cmd
0,42.8215509444646,43,180,180,42.8215509444646,43,180,180,42.8215509444646,43,180,180,42.8215509444646,43,180,180
0.025,42.059517767282,42,180,180,41.8987758548967,42,180,180,41.678747047381,42,180,180,41.6697462503118,42,180,180
0.05,40.6777593740952,41,180,180,41.0634272525587,41,180,180,41.0311585793983,41,180,180,41.0209256832199,41,180,180
0.075,41.0062053899492,41,180,180,40.2781399157118,40,180,180,40.2133199959948,40,180,180,40.2038689090565,40,180,180
0.1,39.7622443928439,40,180,180,39.1501121593481,39,180,180,39.2365052252353,39,180,180,39.231235179751,39,180,180
0.125,38.681738256065,39,179.636869884871,180,40.0977733824613,40,180,180,38.5516282005285,39,180,180,38.4444401675881,38,180,180
0.15,37.6900349367116,38,178.75115197194,179,41.8553468400063,42,180,180,39.0399345299101,39,180,180,37.4424522912095,37,180,180
0.175,36.5807181416578,37,177.849693813931,178,43.6546715233668,44,180,180,40.4685125609268,40,180,180,36.1522081705164,36,179.971403037317,180
0.2,35.3104522689689,35,176.924623795149,177,45.4684560382886,45,180,180,42.0789234428441,42,180,180,34.6536752931796,35,179.376573647592,179
0.225,33.9262050796076,34,175.986887584707,176,47.2853210324515,47,180,180,43.6453944021891,44,180,180,33.0554957061183,33,178.726845455894,179
0.25,32.4471038588077,32,175.022679712899,175,49.0982646688879,49,180,180,45.1006640316666,45,180,180,31.3951929202566,31,177.981938728403,178
0.275,30.8859631342835,31,174.009435502627,174,50.9073633420899,51,180,180,46.417828615963,46,180,180,29.6853768103095,30,177.124947158927,177
0.3,29.2614877088229,29,172.917030795018,173,52.7160980331184,53,180,180,47.4900007805082,47,180,180,27.9285832384671,28,176.155872334337,176
0.325,27.6335637205375,28,171.699977957416,172,54.5358333085461,55,180,180,48.3176117505977,48,180,180,26.1774484465808,26,175.04513636541,175
0.35,26.1333683037165,26,170.387965523426,170,56.4016608380814,56,180,180,49.0507016337795,49,180,180,24.7049010523925,25,173.624750205794,174
0.375,25.1921423704737,25,168.855200674216,169,58.3716837005511,58,180,180,50.5154297605504,51,180,180,25.1767576736413,25,174.358643183507,174
0.4,24.4570390370942,24,167.238667930241,167,60.2244400165151,60,180,180,52.3601347259369,52,180,180,26.0089485869879,26,174.853150182421,175
0.425,23.7392721619261,24,165.612432349518,166,60.9714893368858,61,180,180,54.1921633783506,54,180,180,26.5256836050656,27,174.905915642172,175
0.45,22.8398660851931,23,164.341387758569,164,61.1702316505341,61,180,180,55.8987458707924,56,180,180,26.3332230622807,26,173.611783780865,174
0.475,21.8169420231016,22,163.076742036426,163,61.2701342267611,61,180,180,56.1915756075195,56,180,180,25.5766004172906,26,171.966356137784,172
0.5,20.7873506034997,21,161.901458497646,162,61.3423422903339,61,180,180,55.4610746251242,55,180,180,25.2269645029336,25,170.967187150675,171
0.525,19.7995562271965,20,160.899504619531,161,61.289955687488,61,180,180,54.5619890246898,55,180,180,25.8196963512048,26,172.164074803736,172
0.55,18.540753287866,19,162.511183592077,163,59.1977258678729,59,180,180,52.9128637482918,53,180,180,24.9038112423042,25,170.85672300769,171
0.575,18.7843657004454,19,163.934682525579,164,57.4877765336316,57,180,180,51.5356885890217,52,180,180,25.2472236867048,25,170.228967343738,170
0.6,19.3002621905782,19,165.692571618749,166,56.0212424017421,56,180,180,50.2742615776971,50,180,180,26.2777569249384,26,171.690134820282,172
0.625,19.7920736094657,20,167.440010770087,167,54.6200433142262,55,180,180,48.9727457490209,49,180,180,27.5959687515187,28,173.281499740326,173
0.65,20.3322004102873,20,169.182423661421,169,53.2580287140096,53,180,180,47.6420469344505,48,180,180,29.0871091294391,29,174.898145238886,175
0.675,20.9963198393195,21,170.927726604543,171,51.9056784013619,52,180,180,46.2655198012518,46,180,180,30.7240079712742,31,176.434903906265,176
0.7,21.8472237174516,22,172.669689300939,173,50.5506117806441,51,180,180,44.8532225839477,45,179.755864347374,180,32.4177573303355,32,177.596803365105,178
0.725,22.8912259873128,23,174.411461086586,174,49.1917840306139,49,180,180,43.4340896559288,43,179.07004919147,179,34.0683919754128,34,178.288231525604,178
0.75,24.0796609527572,24,176.149944397467,176,47.8254044796706,48,180,180,42.0237273600784,42,178.339013934631,178,35.6381200145927,36,178.683564798058,179
0.775,25.3690828403206,25,177.887306556659,178,46.4523113598627,46,179.80428062716,180,40.6467834961409,41,177.536628839565,178,37.0455699573333,37,178.685845485831,179
0.8,26.7293266111982,27,179.617180125379,180,45.0518108956336,45,178.854221954599,179,39.2447527923225,39,176.710042385071,177,38.5365266707384,39,179.128579209014,179
0.825,28.1711517086977,28,180,180,43.6758867959663,44,177.985965400941,178,38.0014857238064,38,175.703349264031,176,39.3387034880865,39,178.031963214366,178
0.85,29.4500183061109,29,180,180,42.2949075615194,42,177.132387583828,177,36.7481739654249,37,174.676188051585,175,40.5021178359109,41,178.789301799217,179
0.875,30.9581262049003,31,180,180,40.8954619393761,41,176.270878061151,176,35.5559422884632,36,173.541659478168,174,41.1313658822304,41,177.617480843057,178
0.9,32.2847183333145,32,180,180,39.5052032445087,40,175.423311332884,175,34.2631944557733,34,172.323481008946,172,42.1047003730672,42,178.978921736966,179
0.925,33.8091024200769,34,180,180,38.0564825131163,38,174.525312718584,175,33.0225931905526,33,171.150498277475,171,42.9799744755307,43,178.013847926171,178
0.95,35.4724968376264,35,180,180,36.6341822659789,37,173.606579913162,174,31.8433145816119,32,169.883055320075,170,43.9777846430619,44,179.451071628094,179
0.975,36.9528617392064,37,180,180,35.1899056904299,35,172.786560391808,173,30.6538229801161,31,168.50559249657,169,44.3570606841219,44,178.049731711502,178
1,38.9342941706541,39,180,180,34.0287237888656,34,172.213339101159,172,31.4437009033354,31,169.839543031029,170,45.2592192309143,45,179.375223189011,179
1.025,40.4209006713596,40,180,180,32.5862461646888,33,171.073263398895,171,30.4051671417747,30,168.785021824388,169,45.1291454591405,45,180,180
1.05,42.197032369046,42,180,180,31.0387492952315,31,170.01847582233,170,28.857052012559,29,167.760403613455,168,46.4178999768267,46,180,180
1.075,43.9876485470397,44,180,180,29.5440092026955,30,168.94870830687,169,27.4161044706889,27,166.625277746115,167,47.4666041753455,47,180,180
1.1,45.9757099873459,46,180,180,28.3876409951482,28,167.97303378116,168,27.7332802514885,28,167.707333945972,168,48.7281629804183,49,180,180
1.125,47.6510287591756,48,180,180,27.1922548086797,27,166.678284350218,167,26.5622518728034,27,166.562147479197,167,50.1377985346392,50,180,180
1.15,48.3795855778918,48,180,180,25.9492922112225,26,165.083624942133,165,25.0423590227322,25,165.376422531887,165,51.7809154664811,52,180,180
1.175,47.4832692515894,47,180,180,24.7112689451577,25,166.134184342645,166,25.9802251622541,26,166.671346477864,167,52.0287878985365,52,180,180
1.2,46.9690286309826,47,180,180,24.397321692403,24,165.11041078659,165,27.4445825292317,27,164.898659092474,165,51.7472077548052,52,180,180
1.225,45.7933924115431,46,180,180,24.5418584075626,25,166.314192387482,166,26.3500101501349,26,166.640227130516,167,52.6487102076469,53,180,180
1.25,44.4909999902258,44,180,180,25.1892326400016,25,167.67517237157,168,24.8526313226686,25,168.40435886443,168,51.3966472742283,51,180,180
1.275,43.454157211233,43,180,180,26.119453682157,26,169.136716372669,169,25.3470380192978,25,170.026532226153,170,50.1575539129927,50,180,180
1.3,42.4565136725608,42,179.57148699348,180,27.3455799115939,27,170.694851981055,171,26.513765600904,27,171.764391074794,172,48.8959073215837,49,179.677007095304,180
1.325,41.4334581904927,41,178.593776559413,179,28.8384090748235,29,172.345660795134,172,27.8916970122869,28,173.486175482228,173,47.5741694008108,48,179.209230338995,179
1.35,40.359278851731,40,177.614201015746,178,30.5557285448254,31,174.062446514313,174,29.4143973195722,29,175.168420518877,175,46.1969723327455,46,178.729338135312,179
1.375,39.2130792632838,39,176.646989559379,177,32.4092119531284,32,175.81199067472,176,31.0314081756177,31,176.794827976929,177,44.7603022913629,45,178.222093976518,178
1.4,37.9892549697875,38,175.686327612455,176,34.2732432270264,34,177.561337119254,178,32.6944263702094,33,178.350087441926,178,43.2689484806596,43,177.665651676267,178
1.425,36.6886885623912,37,174.719189934914,175,36.1319394549399,36,179.306684641979,179,34.3590310042701,34,179.851972857467,180,41.7276702185987,42,177.044153293024,177
1.45,35.3139507137512,35,173.732399658876,174,37.9835849974409,38,180,180,36.002993339914,36,180,180,40.1402908832875,40,176.346972893813,176
1.475,33.8674429538794,34,172.716510584397,173,39.8276172974214,40,180,180,37.6235445296513,38,180,180,38.5107566355318,39,175.567203593966,176
1.5,32.349136238198,32,171.662148801056,172,41.6634694907556,42,180,180,39.1794047445217,39,180,180,36.8369990415701,37,174.704335653147,175
1.525,30.7590695466159,31,170.561177836129,171,43.4914413204368,43,180,180,40.5996178895333,41,180,180,35.1186755330375,35,173.756017894528,174
1.55,29.1031412144568,29,169.408411137555,169,45.3144104527641,45,180,180,41.8509093910171,42,180,180,33.3700210086171,33,172.708887753629,173
1.575,27.4000591693874,27,168.191578113236,168,47.1388076970622,47,180,180,42.8634715051843,43,180,180,31.6244661579014,32,171.533367775179,172
1.6,25.7414283037182,26,166.91715738489,167,49.0041054487964,49,180,180,43.6394288067161,44,180,180,30.1242820158546,30,170.012018812417,170
1.625,24.2813568281235,24,165.79386391288,166,50.9814559220269,51,180,180,44.8696185405243,45,180,180,29.5497094201148,30,168.11119064274,168
1.65,22.9515057585325,23,164.617235562668,165,52.8866226136918,53,180,180,46.0236176858116,46,180,180,30.0964370949053,30,168.948271757994,169
1.675,21.99805592684,22,162.952680358394,163,52.9960732620329,53,180,180,47.6116487058057,48,180,180,30.9584657616775,31,170.093200753099,170
1.7,21.1645226759465,21,164.454152941607,164,50.4141808172229,50,180,180,46.8799618874921,47,180,180,29.5004287104104,30,169.016664655163,169
1.725,21.5647970864083,22,165.877585740858,166,47.9686371073905,48,180,180,45.3103791433384,45,180,180,27.6421093540458,28,167.885919784398,168
1.75,22.080481167303,22,167.60907795213,168,45.8102418242268,46,180,180,43.523151328988,44,180,180,26.0010591187055,26,166.673713930628,167
1.775,22.9092126683998,23,169.295448144272,169,44.0660720921966,44,180,180,41.9181499587993,42,180,180,25.9252310662203,26,168.045075882288,168
1.8,23.4565394239599,23,171.098639221938,171,42.4369328245047,42,180,180,40.3932524403969,40,179.711129085651,180,26.5261193522582,27,169.672492756101,170
1.825,23.7915854893562,24,172.874103614615,173,40.8375313105112,41,180,180,38.8711418394138,39,178.850080806368,179,27.3408313497158,27,171.323549874927,171
1.85,24.1692662954738,24,174.631207611376,175,39.2474203314097,39,180,180,37.3384677115834,37,177.955243710074,178,28.3176856436955,28,172.992058995517,173
1.875,24.6663524658217,25,176.383782588135,176,37.6431334274926,38,180,180,35.7700538322167,36,177.037263697513,177,29.3775584412427,29,174.684025550095,175
1.9,25.3104286081203,25,178.132879561973,178,36.0093332736201,36,180,180,34.1518926976887,34,176.098609922068,176,30.4745532176003,30,176.39221143777,176
1.925,26.1100661195085,26,179.879098293364,180,34.3390773677615,34,179.572515134842,180,32.4800977641956,32,175.133833351652,175,31.5798879952394,32,178.101256137345,178
1.95,27.2222848000878,27,180,180,32.6522851498878,33,178.443897921348,178,30.7863028237194,31,174.120229942631,174,32.7957432904544,33,179.76393252967,180
1.975,28.6917099660879,29,180,180,30.9819891739529,31,177.23866312548,177,29.0880199232083,29,173.047364820032,173,34.1370387842176,34,180,180
2,30.392744178474,30,180,180,29.3768157101743,29,175.923874497201,176,27.4245381799685,27,171.896691127265,172,35.584054092799,36,180,180
2.025,32.2015243202346,32,180,180,27.8769277835056,28,174.473176952443,174,25.8107801162289,26,170.678781668916,171,37.0810845316312,37,180,180
2.05,34.0749597636491,34,180,180,26.5609201475358,27,172.824815600275,173,24.2836894284322,24,169.391033948993,169,38.5935152220057,39,180,180
2.075,35.9700792152601,36,180,180,25.4395829173463,25,170.972283749585,171,22.7941183224882,23,168.107385939425,168,40.2188867581606,40,180,180
2.1,37.923477530561,38,180,180,24.5033209449449,25,168.987629875636,169,21.3957932067103,21,166.694697922894,167,41.5844460809886,42,180,180
2.125,39.8776304017187,40,180,180,23.6865370556873,24,167.519882788243,168,21.4559479422807,21,166.765514724347,167,43.2198956418895,43,180,180
2.15,41.6531996942392,42,180,180,22.775831367547,23,165.979641389552,166,20.3648832381443,20,165.254331747551,165,44.5437070027388,45,180,180
2.175,41.0355961561871,41,180,180,21.7998159772402,22,164.719155208683,165,20.121544824714,20,166.017462064597,166,46.3859019951654,46,180,180
2.2,39.5129584942982,40,180,180,21.2073067657644,21,166.129852202982,166,20.214881208477,20,167.13744568865,167,48.3861814958517,48,180,180
2.225,38.0365595387104,38,180,180,21.12828734922,21,167.629074415108,168,19.3656221343353,19,168.932524694789,169,48.6003330523488,49,180,180
2.25,36.9854362079138,37,180,180,21.6255364043597,22,168.904749114715,169,20.2882520064494,20,170.340997945954,170,47.5274240226206,48,180,180
2.275,36.0293355406412,36,180,180,22.4804233189117,22,170.305236124386,170,21.4188779130713,21,171.878469036779,172,46.4263953320305,46,180,180
2.3,35.0814201663248,35,180,180,23.5680323431239,24,171.807600955294,172,22.6581379676049,23,173.403347588208,173,45.2626053821098,45,180,180
2.325,34.097356049142,34,180,180,24.8101709715449,25,173.375332415377,173,24.0036443973289,24,174.810527283161,175,44.0483389608608,44,180,180
2.35,33.0891251712017,33,180,180,26.1723603724292,26,174.990884726445,175,25.3992670918606,25,175.959421893566,176,42.7913574299519,43,180,180
2.375,32.037799096878,32,179.284999036393,179,27.6416800333008,28,176.645643732761,177,26.8071898637384,27,176.944803294688,177,41.4909344449403,41,180,180
2.4,30.9322498260492,31,178.316009801472,178,29.2151605904561,29,178.33362227295,178,28.2026395580156,28,177.753459582649,178,40.151205296657,40,180,180
2.425,29.7679165946759,30,177.338602347585,177,30.8906642778564,31,180,180,29.567796053613,30,178.449613159766,178,38.7759764769088,39,180,180
2.45,28.5508908059792,29,176.337572418476,176,32.6615491503497,33,180,180,30.9280413424797,31,179.106909831917,179,37.3713095898971,37,180,180
2.475,27.3177116158607,27,175.267833120054,175,34.5107310380768,35,180,180,32.2885188874582,32,179.688794164916,180,35.9590049464802,36,180,180
2.5,26.1158103581573,26,174.100126597036,174,36.3862641124147,36,180,180,33.6324882858107,34,180,180,34.5940299545708,35,179.231962780447,179
2.525,25.0457525193847,25,172.811307372973,173,38.2874545343949,38,180,180,35.0913554332388,35,180,180,33.4429498222355,33,177.976955749577,178
2.55,24.3324293666279,24,171.407500860362,171,40.261804847824,40,180,180,36.9660742845553,37,180,180,32.9721599363206,33,176.313086277597,176
2.575,23.7096325347913,24,170.06499965219,170,42.1891663775108,42,180,180,38.847771478027,39,180,180,32.9612497910285,33,174.800727450946,175
2.6,23.0158491856405,23,168.836511239355,169,44.0711244746016,44,180,180,40.6821993900704,41,180,180,32.7083006524794,33,172.988794968809,173
2.625,22.2187279452807,22,167.705691041243,168,45.9208355309391,46,180,180,42.3732118188837,42,180,180,32.3474124737255,32,171.203224860502,171
2.65,21.4368236586701,21,166.477450374183,166,47.8026157576677,48,180,180,43.7023948861809,44,180,180,31.9441244561761,32,169.434996917751,169
2.675,20.6436488055524,21,165.31059219865,165,49.3990438377959,49,180,180,44.7577696886122,45,180,180,31.61451611871,32,167.636566080541,168
2.7,19.848469954604,20,166.675676164562,167,47.5178963962411,48,180,180,44.0264403762859,44,180,180,30.2107808341431,30,166.456207467211,166
2.725,19.7315330915437,20,168.189815301464,168,45.3918176006252,45,180,180,42.4401828753234,42,179.864192983053,180,28.8286623257307,29,165.338906847049,165
2.75,20.1202880197055,20,169.709238455055,170,43.6013954813653,44,180,180,40.9378640521403,41,179.115614197207,179,28.5003789820873,29,166.69286781174,167
2.775,20.5377185201121,21,171.474481327081,171,41.9324353731159,42,180,180,39.4918139598467,39,178.323857616274,178,28.8569132659835,29,168.295125853675,168
2.8,20.9109382318048,21,173.246223789437,173,40.2886711264561,40,180,180,38.0366896868691,38,177.490492337125,177,29.4122564565661,29,169.923122896815,170
2.825,21.2985141103261,21,175.009272034033,175,38.643235727642,39,180,180,36.5532459373758,37,176.6218851205,177,30.0616532751012,30,171.579277841274,172
2.85,21.7748595892737,22,176.766581954343,177,36.9806008726982,37,180,180,35.0336963492189,35,175.719467622097,176,30.7811128520238,31,173.255931980183,173
2.875,22.3829435801758,22,178.519670349906,179,35.2881842293722,35,180,180,33.4683648895964,33,174.785372324212,175,31.534943419903,32,174.952961091596,175
2.9,23.1291588726798,23,180,180,33.554246192361,34,180,180,31.8445283049923,32,173.820655563802,174,32.2584792751229,32,176.670138526473,177
2.925,24.1712657544837,24,180,180,31.7820778443049,32,180,180,30.1662222973243,30,172.816560500891,173,32.9245311188831,33,178.396367522665,178
2.95,25.6025728674575,26,180,180,29.995315547323,30,180,180,28.4580475955741,28,171.757574672448,172,33.5908579468802,34,180,180
2.975,27.3017222395758,27,180,180,28.2777760275164,28,180,180,26.7746777443102,27,170.621951814777,171,34.4417281830032,34,180,180
3,29.1308846709751,29,180,180,26.6626269941941,27,179.147697651708,179,25.1376092433324,25,169.416685485293,169,35.5920263034803,36,180,180
3.025,31.0382371909815,31,180,180,25.2019129076894,25,177.553003064368,178,23.5402575414273,24,168.16725849631,168,37.0303097599359,37,180,180
3.05,32.9251461895976,33,180,180,23.9419946816195,24,175.788929935707,176,21.9819977820955,22,166.943933081752,167,38.7423438844474,39,180,180
3.075,32.0280669451415,32,180,180,22.6895225822484,23,174.704685642764,175,21.9038842319855,22,167.58931764766,168,40.4582730620566,40,180,180
3.1,30.9648785835644,31,180,180,22.5734635770846,23,176.056410593388,176,22.9958613117943,23,168.737402025043,169,40.6684880112106,41,180,180
3.125,30.0029072039708,30,180,180,23.2186627754571,23,177.466505120998,177,24.2475221453413,24,170.106199700245,170,39.5539335485101,40,180,180
3.15,29.0654006455618,29,180,180,24.278802996117,24,178.992955251833,179,25.3628813874039,25,171.266845862289,171,38.4523406685187,38,180,180
3.175,28.1361331856204,28,180,180,25.5892569185811,26,180,180,26.2994637772347,26,172.283665147869,172,37.455758033001,37,180,180
3.2,27.1934918015668,27,180,180,27.075702088268,27,180,180,27.1637567517684,27,173.270911513903,173,36.4263563750009,36,180,180
3.225,26.2282142828382,26,180,180,28.6993446313366,29,180,180,28.0367310409224,28,174.18374207537,174,35.3855973270819,35,179.899676654004,180
3.25,25.2581380155147,25,179.63237172298,180,30.4308667211086,30,180,180,28.9677106419791,29,174.949875995308,175,34.4085772961746,34,178.868135281915,179
3.275,24.3870798508711,24,178.614749148586,179,32.2411354946108,32,180,180,30.1814484435317,30,175.595816159472,176,33.7646805264799,34,177.49822395876,177
3.3,23.7218265903442,24,177.590355290657,178,34.1304308336551,34,180,180,31.8820811794344,32,176.327253132883,176,33.5871139637201,34,175.709344077392,176
3.325,22.8410614674826,23,176.580032742149,177,35.9703786400907,36,180,180,33.4069923060677,33,177.42183566016,177,32.9132239499617,33,174.428583402122,174
3.35,21.9984347321248,22,175.541358934561,176,37.8791217975956,38,180,180,34.9499122806696,35,177.920839267592,178,32.5145097915164,33,172.769065739836,173
3.375,21.2039305331606,21,174.562087757629,175,39.7612536449672,40,180,180,36.6249081730611,37,178.511103192825,179,32.3010224573769,32,170.981122395671,171
3.4,20.4943035933776,20,173.510221221016,174,41.6400776699826,42,180,180,38.3709831870492,38,179.002546004423,179,32.2096802788065,32,169.076961427152,169
3.425,19.8656296351228,20,172.41646664867,172,43.4096325677259,43,180,180,40.0947123222265,40,179.528255490083,180,32.200591707631,32,167.141280406953,167
3.45,19.3880408291681,19,171.155622886129,171,44.6689679046291,45,180,180,41.7443026063719,42,179.94177018531,180,32.3517583035212,32,165.59544876075,166
3.475,18.8773013847613,19,171.686215658818,172,43.2915767165512,43,180,180,41.6595475412856,42,178.483919802179,178,31.4711134861552,31,164.213625267762,164
3.5,18.7642650151777,19,173.228145233614,173,41.6156132219914,42,180,180,40.4042232005303,40,177.672128244549,178,30.346652523469,30,163.318414301823,163
3.525,19.0895619629105,19,174.790205023987,175,40.0372780544352,40,180,180,39.0913887491505,39,176.999386113062,177,29.9487019740478,30,164.612042979397,165
3.55,19.5265762124608,20,176.532974868523,177,38.4972459455016,38,180,180,37.7911468191086,38,176.275848615157,176,30.0529665580505,30,166.137675772376,166
3.575,20.0405486771632,20,178.292271622548,178,36.9362528815749,37,180,180,36.4737601608353,36,175.48436120552,175,30.3457092415531,30,167.678596929641,168
3.6,20.5540274029835,21,180,180,35.3315603425604,35,180,180,35.1093410199075,35,174.638840839319,175,30.6548131547938,31,169.258973351162,169
3.625,21.1071821080511,21,180,180,33.678873978529,34,180,180,33.6947676083506,34,173.740953397611,174,30.9668321937742,31,170.861637600761,171
3.65,21.7562196424643,22,180,180,31.976285761847,32,180,180,32.2257150930089,32,172.793963841753,173,31.2440478015995,31,172.487952940215,172
3.675,22.6976077848554,23,180,180,30.2316482190259,30,180,180,30.7080428469296,31,171.794894459584,172,31.4697674260474,31,174.12811531676,174
3.7,24.0669248035071,24,180,180,28.4707769359649,28,180,180,29.1658043293556,29,170.734726658915,171,31.6819527483071,32,175.757857242274,176
3.725,25.7776238085643,26,180,180,26.7727511563818,27,180,180,27.6249113085105,28,169.609165075263,170,31.8564898706057,32,177.393356529985,177
3.75,27.5995927392434,28,180,180,25.2278495826615,25,180,180,26.2346799192302,26,168.333138135344,168,32.3687714213079,32,179.001482313471,179
3.775,27.5570579094191,28,180,180,24.1699775806128,24,180,180,26.2344796956982,26,168.2415001062,168,33.8206970342788,34,180,180
3.8,26.9241808364584,27,180,180,24.3529107057391,24,180,180,27.2318743136502,27,169.28474410266,169,35.7231014917369,36,180,180
3.825,26.4111173191507,26,180,180,25.4878454971022,25,180,180,28.524627944984,29,170.562173040997,171,36.8817826355118,37,179.165239002099,179
3.85,25.6057837823594,26,180,180,27.106659218906,27,180,180,28.5059152926124,29,171.15965768513,171,35.9181012554501,36,178.178448720956,178
3.875,24.7040168544689,25,180,180,28.9450244292752,29,180,180,28.7546298915971,29,172.281309922502,172,34.9036605130998,35,177.380962932919,177
3.9,23.9249549102322,24,180,180,30.8346813651399,31,180,180,29.340555129555,29,172.937224106985,173,34.0459098923627,34,176.433627050693,176
3.925,23.500415192181,24,180,180,32.7871712583246,33,180,180,30.5625339477153,31,173.59796315102,174,33.7305540318465,34,175.014715114865,175
3.95,23.2294321407135,23,179.539460018695,180,34.7416173296037,35,180,180,32.2595991467329,32,174.52311158907,175,33.7215421520095,34,173.420060918541,173
3.975,22.6167690246432,23,178.487830751647,178,36.5553901331668,37,180,180,33.6298221871311,34,175.766856072459,176,32.9838410784083,33,172.18318419854,172
4,21.9470882708685,22,177.268142514344,177,38.4183722334054,38,180,180,34.4859545559536,34,176.651283882099,177,32.2838808485886,32,171.091062557955,171
4.025,21.2609504502835,21,176.126033793953,176,40.2730645915775,40,180,180,35.4297102182672,35,177.380889832292,177,31.7154845053239,32,169.860293863173,170
4.05,20.7198885871974,21,175.060157914049,175,42.1828134359313,42,180,180,36.8443594405271,37,177.744755146407,178,31.6604621408933,32,168.138430569311,168
4.075,20.17932467642,20,174.123760264676,174,44.0272310636378,44,180,180,38.5430662403982,39,178.267807972088,178,31.7850317637453,32,166.297453723834,166
4.1,19.5536475234784,20,173.079687800989,173,45.7981442662289,46,180,180,39.8633562412202,40,178.854660987097,179,31.6311773479352,32,164.665456572924,165
4.125,19.1370023029502,19,171.799704142449,172,46.9446291007925,47,180,180,41.4255475972192,41,179.121420695574,179,31.6508308641954,32,163.374671420067,163
4.15,18.7911777712154,19,173.307931129118,173,45.4330462864946,45,180,180,40.7337453919998,41,178.118479461525,178,30.3171336156317,30,161.846346673551,162
4.175,18.9970585430611,19,174.858722204432,175,43.8841420023912,44,180,180,39.4748028298684,39,177.515000147714,178,29.6949489589654,30,163.04186535348,163
4.2,19.4147672042686,19,176.601722316304,177,42.386102010299,42,180,180,38.2339269789013,38,176.867065463279,177,29.7246582628053,30,164.512907607536,165
4.225,19.8939495053553,20,178.359257996508,178,40.8772861002854,41,180,180,36.9841629502476,37,176.139792184703,176,29.948169239612,30,166.007334470043,166
4.25,20.3880859702928,20,180,180,39.3307464502764,39,180,180,35.6862395581461,36,175.354041180383,175,30.1887677277812,30,167.551884944876,168
4.275,20.9542501326357,21,180,180,37.7404319688885,38,180,180,34.3337712461265,34,174.51689820769,175,30.4389650645648,30,169.127046924238,169
4.3,21.612293116748,22,180,180,36.1028408443464,36,180,180,32.9255090857117,33,173.63256520143,174,30.6845581948608,31,170.730135858452,171
4.325,22.3758028376019,22,180,180,34.4153217387768,34,180,180,31.4610590446385,31,172.701769980737,173,30.9077375840101,31,172.35681873239,172
4.35,23.4871828233477,23,180,180,32.6935458445854,33,180,180,29.9678078793564,30,171.71048076786,172,31.1741057312537,31,173.981569931351,174
4.375,24.975618319252,25,180,180,30.9371302433566,31,180,180,28.4412616475842,28,170.661709536401,171,31.4181340798578,31,175.614952016751,176
4.4,26.7558368047483,27,180,180,29.1668075374097,29,180,180,26.9120938381997,27,169.532116590003,170,31.7010190296142,32,177.22959197311,177
4.425,28.6835143766192,29,180,180,27.4662562949952,27,180,180,25.4614350340866,25,168.245503741835,168,32.0784684573165,32,178.826784064488,179
4.45,28.4053052481044,28,180,180,26.0411174352654,26,180,180,25.6938041573345,26,168.724601806294,169,33.1959027417284,33,179.945611795953,180
4.475,27.6400908070501,28,180,180,26.4168510934598,26,180,180,26.7440381803487,27,170.107427929097,170,34.9658343550444,35,180,180
4.5,27.0835718079523,27,180,180,27.9962059036195,28,180,180,27.7946930330033,28,171.494998020937,171,36.8789994794913,37,180,180
4.525,26.5088944025286,27,180,180,29.8619368534428,30,180,180,28.8320582597415,29,172.986716592189,173,38.6918185276912,39,180,180
4.55,25.584873852161,26,180,180,31.6761373594598,32,180,180,27.8952361084098,28,172.276871848373,172,37.6852872760127,38,179.988310995958,180
4.575,24.5597960890813,25,180,180,33.482095643463,33,180,180,28.1107927049056,28,173.144142447059,173,36.6399512553639,37,179.244307498069,179
4.6,23.7738462083003,24,180,180,35.3822839113059,35,180,180,28.8168243755404,29,173.466712560649,173,35.8043238192641,36,178.27676014249,178
4.625,23.3657309833461,23,179.114845799555,179,37.3189100184568,37,180,180,30.1378008961028,30,173.967760560277,174,35.4591938669747,35,176.864308117614,177
4.65,23.0796640213281,23,177.858353747954,178,39.2500817361819,39,180,180,31.9206355759288,32,174.999979069614,175,35.3377734154878,35,175.30079309409,175
4.675,22.4629411411935,22,176.727201421146,177,41.0450133528236,41,180,180,33.4287396525224,33,176.215350825224,176,34.47438346884,34,174.116453146684,174
4.7,21.8224350928487,22,175.452090078554,175,42.9021891988113,43,180,180,34.5844163593875,35,176.988563524058,177,33.7434495272629,34,173.010097559121,173
4.725,21.2305264769711,21,174.289542699135,174,44.7641362799286,45,180,180,35.9671789469461,36,177.590675317904,178,33.3265732985266,33,171.614386732607,172
4.75,20.8129064594803,21,173.160360294797,173,46.6636338315013,47,180,180,37.6691515596434,38,177.901383223217,178,33.2775110150737,33,170.059568928338,170
4.775,20.3097336229465,20,172.106098127713,172,48.4738606811944,48,180,180,39.371605198911,39,178.478157798723,178,33.1490983868297,33,168.497300870325,168
4.8,19.8356111258531,20,170.921513869615,171,50.327313342386,50,180,180,41.0933762618793,41,178.957793716555,179,32.915785898759,33,167.006626462267,167
4.825,19.3569791857653,19,169.698041849386,170,51.9172917279733,52,180,180,42.7429517450614,43,179.566133813571,180,32.6543603887756,33,165.525928115192,166
4.85,19.0135881103541,19,168.12927566528,168,51.3865080226948,51,180,180,43.4475508196409,43,178.923381979099,179,32.1996467463397,32,164.166616257925,164
4.875,18.803036882912,19,169.570269292894,170,49.8266366209389,50,180,180,42.4421215624094,42,178.061784448815,178,30.8491735179731,31,162.556754437307,163
4.9,19.0499500534932,19,171.176705661534,171,48.3490649198219,48,180,180,41.2287298032116,41,177.487253349817,177,30.2951994736375,30,163.673708426843,164
4.925,19.4223381727403,19,172.941037780683,173,46.911984751248,47,180,180,40.0247240029154,40,176.86235187016,177,30.5897659505007,31,165.147526805642,165
4.95,19.7732774434359,20,174.703141619052,175,45.4659130584462,45,180,180,38.811248353673,39,176.166411368785,176,31.0357123742042,31,166.646634068328,167
4.975,20.159763938271,20,176.459313280621,176,43.9874406248243,44,180,180,37.5528971943644,38,175.419190031407,175,31.4986864785138,31,168.199168869781,168
5,20.6487236839753,21,178.212775980577,178,42.4672335487455,42,180,180,36.2354099345417,36,174.632447454871,175,31.9830086625122,32,169.793002089424,170
5.025,21.281044179021,21,179.961977377981,180,40.9014333897356,41,180,180,34.8556255122119,35,173.810385448532,174,32.495483851632,32,171.423022212457,171
5.05,22.0536552919086,22,180,180,39.2861229118841,39,180,180,33.4125091334343,33,172.953034993559,173,33.039161709831,33,173.083161594268,173
5.075,22.9644845229187,23,180,180,37.6167670202264,38,180,180,31.9016132818669,32,172.059184969564,172,33.5913157829682,34,174.770780754976,175
5.1,24.144540584768,24,180,180,35.8962180653908,36,180,180,30.3270389729768,30,171.122360178406,171,34.1462655737609,34,176.477431063453,176
5.125,25.624046824364,26,180,180,34.1264074465815,34,180,180,28.6984998922434,29,170.132940317795,170,34.7307734913381,35,178.188416568451,178
5.15,27.3348512880542,27,180,180,32.3116029983004,32,180,180,27.0320643303097,27,169.076915057001,169,35.4200555902884,35,179.887836054391,180
5.175,29.197699086183,29,180,180,30.4599593651207,30,180,180,25.330560368034,25,167.937699296231,168,36.2570185176528,36,180,180
5.2,31.1410653412034,31,180,180,28.6251737009463,29,180,180,23.6570946748145,24,166.693132482477,167,37.3906938244998,37,180,180
5.225,31.7331370314742,32,180,180,26.8556015798319,27,178.863903983084,179,22.2016672036209,22,165.198757457961,165,38.1442794153985,38,180,180
5.25,30.0058692772765,30,180,180,25.3150974372221,25,180,180,22.1851285200353,22,166.180473319004,166,39.7545124972164,40,180,180
5.275,28.8290109444822,29,180,180,25.7037184401526,26,180,180,22.6672460504852,23,167.024234839548,167,41.6248838753909,42,180,180
5.3,27.9271161312877,28,180,180,27.1999295161844,27,180,180,23.5103946479157,24,168.394631950463,168,43.3227915592877,43,180,180
5.325,26.9345492678472,27,180,180,28.9291162741854,29,180,180,24.2732941764057,24,169.793894748563,170,42.5411517041153,43,180,180
5.35,25.9611711058111,26,180,180,30.7879735736649,31,180,180,25.1882485478401,25,170.944437321531,171,41.5099499855262,42,180,180
5.375,24.9961861875905,25,180,180,32.6687383025675,33,180,180,26.2009627130661,26,171.903294562297,172,40.4708679491387,40,180,180
5.4,24.1024063819487,24,179.220763492305,179,34.5576361154128,35,180,180,27.3213605232059,27,172.668737405105,173,39.4947790991196,39,180,180
5.425,23.3971456397812,23,177.981259501072,178,36.473031943769,36,180,180,28.6299159534666,29,173.22899522877,173,38.7171963381355,39,179.54959197701,180
5.45,22.9026076370749,23,176.62106232356,177,38.4028897718236,38,180,180,30.196525196486,30,173.742584327216,174,38.2078577703224,38,178.088179362704,178
5.475,22.431061953977,22,175.254134294417,175,40.2951701158538,40,180,180,31.9212586649049,32,174.657292357603,175,37.7241483517593,38,176.639857884512,177
5.5,21.8626983218832,22,173.922784709867,174,42.1522442839737,42,180,180,33.5972944711178,34,175.534820955028,176,37.126036669636,37,175.299627887976,175
5.525,21.1963653688427,21,172.668754381699,173,43.9924738112904,44,180,180,35.1806638088285,35,176.221564033201,176,36.4875444703594,36,173.987623138053,174
5.55,20.5951726732797,21,171.455412947514,171,45.8710266843,46,180,180,36.8215051184892,37,176.628124073599,177,36.097800975273,36,172.436269809221,172
5.575,20.0344421386683,20,170.284892206467,170,47.7289608667438,48,180,180,38.4771890551203,38,176.932837202725,177,35.8045393295356,36,170.864208799641,171
5.6,19.5820629545502,20,169.000115157554,169,49.2633574621249,49,180,180,40.1286797517855,40,177.13136727266,177,35.8016401552649,36,169.858908386268,170
5.625,19.1003870079465,19,170.345788816948,170,47.709568620433,48,180,180,39.5672999462435,40,175.913176759351,176,34.72991434321,35,168.77406558984,169
5.65,19.1745745630924,19,171.87038030899,172,45.9047986150089,46,180,180,38.2532095845684,38,175.081069217964,175,33.7707691541962,34,169.002929338943,169
5.675,19.5669323216292,20,173.517684453504,174,44.2022875009642,44,180,180,36.9181512818734,37,174.292223421974,174,33.7348938531507,34,170.447866691205,170
5.7,20.0479425310159,20,175.283679191443,175,42.5163830121436,43,180,180,35.5307585847506,36,173.494641296008,173,34.1147442332191,34,172.054352715629,172
5.725,20.6218543474606,21,177.042731654169,177,40.8217061771742,41,180,180,34.1019655838507,34,172.661747728085,173,34.6718508075441,35,173.696491935902,174
5.75,21.3256234643456,21,178.796685832239,179,39.0986534329441,39,180,180,32.6137938931544,33,171.795499798645,172,35.2932626557412,35,175.37676908707,175
5.775,22.181815468077,22,180,180,37.3344846884733,37,180,180,31.0574335084995,31,170.893692703693,171,35.934495506249,36,177.081995119569,177
5.8,23.2866652716647,23,180,180,35.5251939274754,36,180,180,29.4333808918678,29,169.949766215,170,36.5712665979824,37,178.80445679178,179
5.825,24.6939783166432,25,180,180,33.6678616780194,34,180,180,27.7445184010719,28,168.955518303663,169,37.1677930450339,37,180,180
5.85,26.3521940071876,26,180,180,31.771272788756,32,180,180,26.0213691047495,26,167.890475168005,168,37.8780173321871,38,180,180
5.875,28.1710750368958,28,180,180,29.8434376824098,30,180,180,24.2617721575706,24,166.748084849797,167,38.7591746095824,39,180,180
5.9,29.0479690681315,29,180,180,28.0014879260626,28,180,180,22.5272875807831,23,165.488499770221,165,40.0259280084892,40,180,180
5.925,27.468096441787,27,180,180,26.5199033132983,27,180,180,22.7478513757517,23,166.51959038159,167,41.027891166472,41,180,180
5.95,26.469705807119,26,180,180,27.2982706075408,27,180,180,23.8833974688464,24,166.865146571358,167,42.0071352534781,42,180,180
5.975,25.8946346144312,26,180,180,28.8959169469674,29,180,180,25.0654516782414,25,168.32206739945,168,43.8064549836849,44,180,180
6,25.244783758473,25,180,180,30.7435481226203,31,180,180,26.1854637616776,26,169.846050531451,170,45.7381208556873,46,180,180
6.025,24.4002734348874,24,180,180,32.5803772346647,33,180,180,27.1673391508405,27,171.313851259394,171,46.9914139025579,47,180,180
6.05,23.5489393568162,24,180,180,34.4298609686374,34,180,180,28.0903427989793,28,172.453218284376,172,46.0771589632491,46,180,180
6.075,22.8090818561001,23,178.975093230525,179,36.3158748782975,36,180,180,29.0793100555923,29,173.062478903657,173,45.0867978225738,45,180,180
6.1,22.2207639242733,22,177.733904623883,178,38.2007198722917,38,180,180,30.2973745790291,30,173.555545176407,174,44.1763010642013,44,180,180
6.125,21.8226599702467,22,176.274113577147,176,40.0903643341147,40,180,180,31.7360433853792,32,173.9989681739,174,43.3873115802896,43,179.02860844678,179
6.15,21.5647903063449,22,174.722827614325,175,41.9720695514544,42,180,180,33.3912640722089,33,174.490327842044,174,42.7492165103497,43,177.88008118339,178
6.175,21.3649443177636,21,173.159529098823,173,43.8370573231764,44,180,180,35.2113700644381,35,175.17817315526,175,42.2187156515228,42,176.641015552237,177
6.2,21.1136706485849,21,171.592440044744,172,45.6639819507459,46,180,180,37.0140773387387,37,175.903255297943,176,41.5975915564798,42,175.495275757337,175
6.225,20.7613939009898,21,170.089661663885,170,47.4866395352786,47,180,180,38.7619131553664,39,176.506575218254,177,40.9158300451491,41,174.397800523925,174
6.25,20.3645614168165,20,168.661333002535,169,49.3122152688899,49,180,180,40.4585051776525,40,176.961925712342,177,40.2590638266331,40,173.295384788026,173
6.275,20.056964844633,20,167.215177286206,167,51.1643039771654,51,180,180,42.182975211559,42,177.174904432146,177,39.927255029978,40,172.655768543847,173
6.3,19.858828601638,20,165.673124166326,166,52.6880396612174,53,180,180,43.8908930668811,44,177.318374057124,177,40.2065877915042,40,172.882297154981,173
6.325,19.3892350465863,19,167.094816841739,167,51.2234304081098,51,180,180,43.2907154473093,43,176.228554352951,176,39.2104975180295,39,172.120989035635,172
6.35,19.5166999358493,20,168.577140838002,169,49.5621045454602,50,180,180,42.1042106194431,42,175.414365146414,175,38.0170294788861,38,171.395934662164,171
6.375,19.9420443615848,20,170.187648950989,170,47.973629156491,48,180,180,40.862193017743,41,174.64783571168,175,37.5933065021053,38,172.451802119037,172
6.4,20.5079467057686,21,171.935538722893,172,46.3814757201755,46,180,180,39.5073254190107,40,173.933293226103,174,38.2137977950253,38,174.066234666876,174
6.425,21.2148005763184,21,173.69626041035,174,44.7615507373795,45,180,180,38.0620613061592,38,173.231134649035,173,39.44016834266,39,175.732929445614,176
6.45,22.1165090898919,22,175.447248616842,175,43.1034518782938,43,180,180,36.5390613279741,37,172.514195519497,173,40.8589820647257,41,177.418670245855,177
6.475,23.2121261077641,23,177.198205267047,177,41.4054134463989,41,180,180,34.9635867709043,35,171.752821205405,172,42.2976243991336,42,179.100007300739,179
6.5,24.4379181391509,24,178.950322713334,179,39.662309346527,40,180,180,33.3460134711318,33,170.930909298083,171,43.7119724322321,44,180,180
6.525,25.7799321366608,26,180,180,37.8706730483084,38,180,180,31.6883341441456,32,170.040138353169,170,45.0917579775193,45,180,180
6.55,27.2741667366935,27,180,180,36.0315313594659,36,180,180,29.993222242101,30,169.075845732396,169,46.4584540726007,46,180,180
6.575,28.8883969234779,29,180,180,34.1408056857171,34,180,180,28.2527955884143,28,168.039328308799,168,47.7777780874451,48,180,180
6.6,30.5940921759001,31,180,180,32.20104383734,32,180,180,26.4707901390816,26,166.926208947678,167,49.0693143842872,49,180,180
6.625,32.3860034345427,32,180,180,30.226860047358,30,180,180,24.6580760632925,25,165.731559493276,166,50.4906386862897,50,180,180
6.65,34.3066028527854,34,180,180,28.2578680452191,28,178.948377091514,179,22.7825119591433,23,164.453525543132,164,52.0984586392413,52,180,180
6.675,33.5820703311795,34,180,180,26.479752476865,26,178.026125499301,178,22.2875973098252,22,165.203180269944,165,54.1539293488716,54,180,180
6.7,31.8770775883822,32,180,180,26.1182186865655,26,179.513630827854,180,22.4863911177183,22,166.306141965997,166,55.9199120713834,56,180,180
6.725,30.3040181355764,30,180,180,26.6354836962983,27,180,180,22.759018813575,23,167.540312546627,168,57.7112397991019,58,180,180
6.75,28.8820240870625,29,180,180,27.5597809494369,28,180,180,23.0772089940284,23,168.836235990759,169,59.2964495208065,59,180,180
6.775,27.6590889228087,28,180,180,28.8722587020036,29,180,180,23.7468422819211,24,170.263273337275,170,58.1850942519091,58,180,180
6.8,26.5826625066366,27,180,180,30.5665999196251,31,180,180,25.0253796676044,25,171.788697809048,172,56.8764413693652,57,180,180
6.825,25.5692585356934,26,180,180,32.4466874052599,32,180,180,26.4755006167381,26,172.887681534102,173,55.5402619078387,56,180,180
6.85,24.655516507599,25,180,180,34.3372418027589,34,180,180,28.0029579726661,28,173.529661443248,174,54.2137160460616,54,180,180
6.875,23.8179553060785,24,178.850091904559,179,36.2236462359354,36,180,180,29.5913039930217,30,174.103022030375,174,52.9076375761719,53,179.963726660822,180
6.9,23.1192395877042,23,177.377700992037,177,38.1147101051081,38,180,180,31.1750150849995,31,174.522350389174,175,51.6365491402285,52,179.239107129296,179
6.925,22.5623883788671,23,175.738067665638,176,40.0050871493045,40,180,180,32.8468074976484,33,174.97432190058,175,50.4384545200421,50,178.427310599321,178
6.95,22.132784112952,22,173.976689773633,174,41.8710930181625,42,180,180,34.6462688977323,35,175.358978838664,175,49.474379526652,49,177.988184255813,178
6.975,21.7860770827027,22,172.157120070206,172,43.7165045198163,44,180,180,36.4916545538581,36,175.711468933639,176,49.4594536220442,49,178.086140327121,178
7,21.4917186021107,21,170.341021966675,170,45.5897670048896,46,180,180,38.326901993751,38,176.752888941179,177,50.5102744960685,51,178.131524148427,178
7.025,21.2120918413165,21,168.573264214649,169,47.4217975300638,47,180,180,40.2223248016253,40,177.868512515461,178,51.0718861980714,51,177.879700693642,178
7.05,20.7952769616325,21,167.142714723042,167,49.1989343060545,49,180,180,41.8183037962335,42,179.022125555169,179,50.1719103604792,50,177.166408382284,177
7.075,20.426497461793,20,165.625818650478,166,51.0117137082624,51,180,180,42.7478529382053,43,179.499784896357,179,49.1280573430831,49,176.564954158626,177
7.1,20.1456534112313,20,164.016535570918,164,52.6541516537415,53,180,180,43.5386277987624,44,179.616268043505,180,48.037681217005,48,176.101221474202,176
7.125,19.6943899720302,20,165.341600850746,165,51.2089768296522,51,180,180,43.0363759275389,43,177.99566394307,178,46.6975575950105,47,175.677336960862,176
7.15,19.8394871373058,20,166.520577366347,167,49.3670381863913,49,180,180,41.7988403511796,42,176.61226767179,177,44.8556453749238,45,176.707520568014,177
7.175,20.0332130694196,20,168.153091482158,168,47.7082039263486,48,180,180,40.4450123215141,40,175.887510794392,176,44.3371421070312,44,177.678151893418,178
7.2,20.5071221155511,21,169.78406858466,170,46.1557079808024,46,180,180,39.0680840603555,39,175.272441675887,175,45.1675870831111,45,179.229928840316,179
7.225,21.1818049567716,21,171.464085979173,171,44.6092333947356,45,180,180,37.6296869961943,38,174.657503957654,175,46.5233366564685,47,180,180
7.25,22.0877109632091,22,173.143807638751,173,43.0434518524811,43,180,180,36.1463417764623,36,173.997555287437,174,48.071902331942,48,180,180
7.275,23.1547784960679,23,174.847806278405,175,41.4428162906698,41,180,180,34.6231752486577,35,173.276466277256,173,49.6958433342585,50,180,180
7.3,24.3812994740256,24,176.566618475086,177,39.7966773812548,40,180,180,33.0606345857587,33,172.487073398662,172,51.371737816372,51,180,180
7.325,25.7463459910442,26,178.301224123694,178,38.0950760897304,38,180,180,31.4508193232356,31,171.63145616279,172,53.0630013177339,53,180,180
7.35,27.2875080175919,27,180,180,36.3357830755944,36,180,180,29.7935292517716,30,170.707152629753,171,54.7525758867379,55,180,180
7.375,28.9587014586801,29,180,180,34.515553114846,35,180,180,28.083959708832,28,169.716389245276,170,56.4135423675435,56,180,180
7.4,30.6940763658992,31,180,180,32.6364030512468,33,180,180,26.3258799688734,26,168.652538468376,169,58.0491992471227,58,180,180
7.425,32.4692292642208,32,180,180,30.7048373247688,31,180,180,24.5216108825714,25,167.511452091745,168,59.6572063392281,60,180,180
7.45,34.2689379380943,34,180,180,28.7246184320732,29,178.916585396697,179,22.6330741006444,23,166.295801081531,166,60.8020002575345,61,180,180
7.475,36.155195220715,36,180,180,26.7922130222602,27,177.474575344148,177,20.7142217632757,21,164.954022559655,165,61.0915949642478,61,180,180
7.5,37.4322246668243,37,180,180,25.091010921393,25,175.842364680148,176,18.8543361034677,19,164.598678463701,165,61.2420459527149,61,180,180
7.525,35.4736097514424,35,180,180,24.5734518265901,25,177.244894571898,177,17.8523847777007,18,165.692987942952,166,61.3224711499864,61,180,180
7.55,33.4837315504203,33,180,180,24.7701835727896,25,178.903249927271,179,16.2784313649259,16,167.248314503602,167,61.2792549556318,61,180,180
7.575,32.0444919467634,32,180,180,25.6614428306945,26,180,180,16.6404577051042,17,168.431404158344,168,59.8125623818114,60,180,180
7.6,30.9629988874188,31,180,180,27.0588485473907,27,180,180,17.8147224132135,18,170.060707159816,170,58.5215389884276,59,180,180
7.625,29.933007555956,30,180,180,28.9050437251946,29,180,180,19.2352967001758,19,171.674831780459,172,57.1952756968479,57,180,180
7.65,28.8955637179319,29,180,180,30.786692248985,31,180,180,20.7434532432304,21,172.990547021796,173,55.8076935449132,56,180,180
7.675,27.8658953084195,28,180,180,32.6631472181039,33,180,180,22.2706945045718,22,173.704631708201,174,54.3925263496184,54,180,180
7.7,26.861843310595,27,180,180,34.538047743476,35,180,180,23.8273840819,24,174.174882964041,174,52.9834074637169,53,180,180
7.725,25.9362179521411,26,179.040718438525,179,36.4172068264392,36,180,180,25.3948837489617,25,174.548580666194,175,51.5935663676486,52,180,180
7.75,25.1289244454291,25,177.685969119172,178,38.3019032286424,38,180,180,26.974964444054,27,174.927375242023,175,50.2521308221641,50,180,180
7.775,24.4384425645493,24,176.181548993915,176,40.1838287165438,40,180,180,28.6470863318258,29,175.274386044618,175,48.9710671904331,49,180,180
7.8,23.8975007151081,24,174.54734336557,175,42.049780729334,42,180,180,30.4653263758093,30,175.67567341233,176,47.7343458378707,48,180,180
7.825,23.4993159884154,23,172.820623672606,173,43.898958764522,44,180,180,32.3268082561184,32,176.090785202927,176,47.515736877526,48,180,180
7.85,23.1675955659399,23,171.074656443806,171,45.7691834357541,46,180,180,34.1750921794207,34,177.120674718213,177,48.5522691964553,49,179.903252523238,180
7.875,22.8645208281703,23,169.362350898624,169,47.6220847378894,48,180,180,36.0937680535508,36,178.274863503213,178,48.9127370857986,49,179.306886859857,179
7.9,22.3597223610772,22,168.031237473557,168,49.3859015799094,49,180,180,37.6292165085796,38,179.567245901166,180,47.9442362745023,48,178.576627005902,179
7.925,21.9106366947307,22,166.527472655576,167,51.1959836247718,51,180,180,38.569756970288,39,180,180,46.8293101221736,47,177.950559473262,178
7.95,21.5372471945997,22,164.985075393063,165,52.9774468439951,53,180,180,39.4966015163686,39,180,180,45.7392725545761,46,177.376863584112,177
7.975,21.2588070450924,21,163.413780425347,163,54.7751770249649,55,180,180,40.9801740192089,41,180,180,45.7122665763537,46,177.698934782968,178
8,21.0344444379719,21,161.698219795842,162,56.5077724512542,57,180,180,42.7568042898381,43,180,180,46.2839558685597,46,178.031167256283,178
8.025,20.7682145611527,21,160.136833280787,160,57.4106689029141,57,180,180,44.3898849732671,44,180,180,45.6513279245024,46,177.23565572293,177
8.05,20.3957009501078,20,161.449061930371,161,55.8810356009002,56,180,180,44.1563193016219,44,179.747024556017,180,44.3936400095399,44,176.750295871882,177
8.075,20.5499774189224,21,162.781311707294,163,54.1952138062646,54,180,180,43.1302096343361,43,178.314574456691,178,42.5293446533426,43,176.991555064327,177
8.1,20.8019171109112,21,164.461276746111,164,52.6747158918557,53,180,180,41.8588200006011,42,177.601665535005,178,41.8853828097302,42,177.953906597545,178
8.125,21.3094935751289,21,166.145614953472,166,51.2475227866936,51,180,180,40.5485898370239,41,177.023091487104,177,42.941401038944,43,179.496218939035,179
8.15,22.0077868585378,22,167.871431903843,168,49.8079155208828,50,180,180,39.1433084579643,39,176.482320999447,176,44.6257057700241,45,180,180
8.175,22.9466396761127,23,169.59314511605,170,48.3361778379288,48,180,180,37.673601502589,38,175.915323863024,176,46.4343150299191,46,180,180
8.2,24.0722805879189,24,171.33321270221,171,46.8266184772909,47,180,180,36.1658734659034,36,175.286284057446,175,48.2680834613706,48,180,180
8.225,25.3490353768147,25,173.086057780387,173,45.2680159245865,45,180,180,34.6160412601862,35,174.592208432169,175,50.0862481687041,50,180,180
8.25,26.722871925802,27,174.839171712618,175,43.6564891547395,44,180,180,33.024097986154,33,173.830363520642,174,51.8921591922265,52,180,180
8.275,28.1647967623041,28,176.590991668072,177,41.9912799724527,42,180,180,31.3904135711901,31,172.997511567493,173,53.6917747447391,54,180,180
8.3,29.6607583138937,30,178.340872593768,178,40.2722361429626,40,180,180,29.7109315678357,30,172.097261203879,172,55.4721172928119,55,180,180
8.325,31.2479527826708,31,180,180,38.5032267720005,39,178.96039826232,179,27.9888304310006,28,171.127667954691,171,57.2432785443613,57,180,180
8.35,32.9249428367899,33,180,180,36.6853350343734,37,177.872588880401,178,26.223393610423,26,170.088190071885,170,59.0038541389413,59,180,180
8.375,34.6503207846401,35,180,180,34.812450087419,35,176.749147829515,177,24.3974975822062,24,168.982255850924,169,60.6061725021145,61,180,180
8.4,36.4102843853548,36,180,180,32.8985279768323,33,175.601115909215,176,22.5821638426025,23,167.736441358111,168,60.9577678938797,61,180,180
8.425,38.0427044595668,38,180,180,31.0157744816113,31,174.411359201908,174,20.7933209314601,21,166.423098353017,166,61.0826029353231,61,180,180
8.45,39.9022805062861,40,180,180,29.2493395591235,29,173.282228612079,173,19.2715315503891,19,164.91203251761,165,61.0649201937269,61,180,180
8.475,41.914597525676,42,180,180,27.8248329407887,28,172.408834219815,172,19.3609542102828,19,165.955443296091,166,61.1741257288786,61,180,180
8.5,43.6821583101281,44,180,180,26.424328936139,26,171.121271170785,171,18.0742747466412,18,164.378906181457,164,61.1562127312232,61,180,180
8.525,43.8666764453024,44,180,180,24.9797411610026,25,170.098693916649,170,17.6169690534665,18,165.108269846815,165,61.2830561788316,61,180,180
8.55,42.1899451805585,42,180,180,24.4323218603601,24,171.565815040115,172,17.5850917927597,18,166.30918829896,166,61.289182138591,61,180,180
8.575,40.8704027215502,41,180,180,25.0615056641244,25,172.947085995171,173,18.0027038313183,18,167.937545055459,168,59.9088423424921,60,180,180
8.6,39.7814069947066,40,180,180,26.4641228847172,26,174.557455215304,175,18.7772171815724,19,169.686861787038,170,58.5241027243345,59,180,180
8.625,38.7642109869552,39,180,180,28.3041229095837,28,176.299270779552,176,19.8951660869841,20,171.408529065237,171,57.1557147432504,57,180,180
8.65,37.7476434001852,38,180,180,30.197266342287,30,178.055601356123,178,21.2224270532618,21,173.110756390926,173,55.7611947960574,56,180,180
8.675,36.7087167542599,37,179.103192789262,179,32.0795774780644,32,179.809200648557,180,22.6156618460872,23,174.566055907565,175,54.3307881903864,54,180,180
8.7,35.638285695323,36,178.166252852139,178,33.9513618048747,34,180,180,23.9261847087981,24,175.156605907117,175,52.8642002311917,53,180,180
8.725,34.5493459651115,35,177.181140962886,177,35.8180667373668,36,180,180,24.991304178781,25,174.308639739383,174,51.3821505967179,51,180,180
8.75,33.4957802642142,33,176.129734661254,176,37.6913738256077,38,180,180,25.7961769940593,26,173.15588481527,173,49.9474691726246,50,180,180
8.775,32.5542069115123,33,174.866333452533,175,39.5586212037918,40,180,180,26.2916925557174,26,171.562533844387,172,48.5087635954761,49,179.756743073489,180
8.8,31.6589908928642,32,173.529198376069,174,41.29574516519,41,180,180,26.8850086242947,27,170.342993916166,170,46.9111752331905,47,180,180
8.825,30.9543424899777,31,172.379097348315,172,43.1228765079029,43,180,180,28.1941454678863,28,171.37148199708,171,47.9172594741139,48,180,180
8.85,29.9747481282422,30,171.430747333533,171,44.9333121365361,45,180,180,29.4313344218416,29,172.90143461929,173,49.6521160058296,50,180,180
8.875,29.0233561253657,29,170.296918256905,170,46.7722083262203,47,180,180,30.1380659418364,30,174.191737459741,174,51.3329149450083,51,180,180
8.9,28.0697959774989,28,169.450222073307,169,48.6022646520453,49,180,180,30.9395766197521,31,175.596110701874,176,52.7388929145292,53,180,180
8.925,27.2826194405025,27,168.53617514374,169,50.3728036337449,50,180,180,31.9465980379164,32,176.74745363848,177,51.7990373473136,52,179.464596639941,179
8.95,26.6133200758247,27,167.446502837809,167,52.1429937886752,52,180,180,33.1193090923806,33,177.477769489675,177,50.6164671584897,51,179.010815464466,179
8.975,26.1470391474368,26,165.99542102033,166,53.6350970725488,54,180,180,33.387122979469,33,176.087316543013,176,49.419184187362,49,178.511574447441,179
9,25.8685598187406,26,164.487779068019,164,55.1128382027609,55,180,180,34.2097384436764,34,175.512718905558,176,48.8129887109517,49,179.153682312759,179
9.025,25.7274945895864,26,162.944853067572,163,56.809752956169,57,180,180,35.7790786296204,36,176.176046784701,176,49.8603613798546,50,179.20413644653,179
9.05,25.4348386342383,25,161.342002985886,161,58.4043748622581,58,180,180,37.486610266614,37,177.63202889475,178,51.03338462986,51,178.499524509695,178
9.075,25.0317506809509,25,159.764892641526,160,59.3850901875118,59,180,180,38.8785247865477,39,179.045407215688,179,50.2521671602072,50,177.722638966421,178
9.1,24.6101840272878,25,158.215906122978,158,58.5671055982958,59,180,180,38.7382079013483,39,177.739810621477,178,48.8079163581604,49,177.696644318503,178
9.125,24.4446459651863,24,156.752696804567,157,58.1097932799689,58,180,180,38.3747604958848,38,176.350096671807,176,48.8023731218615,49,178.897032034238,179
9.15,24.0131337866205,24,158.272237529057,158,56.7196528875007,57,180,180,37.4858935480458,37,175.330129724341,175,47.9283908827616,48,177.99059319298,178
9.175,24.2007755281046,24,159.848407954914,160,55.2283567368269,55,180,180,36.3084105372498,36,174.497960793897,174,47.0404632307864,47,178.035802574202,178
9.2,24.6455387448843,25,161.538917829701,162,53.7707155800539,54,180,180,35.0190306303108,35,173.74557863395,174,47.4867354989523,47,179.349588379405,179
9.225,25.3741177035152,25,163.226925034343,163,52.2923824626548,52,179.132294032861,179,33.5975937880366,34,173.036259021482,173,49.0039755424969,49,180,180
9.25,26.3303945433062,26,164.936693013852,165,50.7727802959936,51,178.115238826163,178,32.0738349267056,32,172.318333395489,172,50.7983675670221,51,180,180
9.275,27.4768662213729,27,166.672764054991,167,49.2071913178124,49,177.071249971034,177,30.4791795921386,30,171.56528132905,172,52.5572266028034,53,180,180
9.3,28.7860327021533,29,168.424537943585,168,47.5942555075391,48,176.02248496517,176,28.836068664031,29,170.754675425079,171,54.3052035167502,54,180,180
9.325,30.1865549313918,30,170.178943767262,170,45.9278756172672,46,174.969265549859,175,27.1432890807191,27,169.878953475305,170,56.0422604245799,56,180,180
9.35,31.6394328502818,32,171.932104192777,172,44.2069059951573,44,173.906459070352,174,25.4010428231639,25,168.931342624534,169,57.7779835343199,58,180,180
9.375,33.1622794542981,33,173.679532795894,174,42.4331363238894,42,172.827053405721,173,23.6104543518185,24,167.905938180828,168,59.5169500753384,60,180,180
9.4,34.7395386955183,35,175.414129037911,175,40.5857664858519,41,171.692165330736,172,21.7188914222963,22,166.810513114757,167,60.7974030776833,61,180,180
9.425,36.3838588644736,36,177.150262390639,177,38.6655251868864,39,170.515259705641,171,19.7639077103476,20,165.596104525722,166,61.0874449239327,61,180,180
9.45,38.0412115342505,38,178.870469548812,179,36.7029825843027,37,169.33756802297,169,17.7888343902898,18,164.281964523794,164,61.2145365623177,61,180,180
9.475,39.7297260246248,40,180,180,34.6973839801897,35,168.126943561487,168,15.7467970365323,16,162.900286089037,163,61.2896636554127,61,180,180
9.5,41.5055570350487,42,178.629505581369,179,32.6631360265134,33,166.847651847391,167,13.2988233361211,13,164.005179069463,164,61.3433938549532,61,180,180
9.525,42.9592423152562,43,176.964323648007,177,30.714291671376,31,166.516223049711,167,12.4029323298969,12,164.920486712261,165,61.3040944594356,61,180,180
9.55,42.8773463196966,43,175.563675019562,176,29.6545243894777,30,165.582008203659,166,12.7226452386529,13,162.813402846075,163,60.4074710918118,60,180,180
9.575,41.6404468795469,42,175.375133563126,175,28.311179496154,28,167.25347623287,167,13.3161793283408,13,163.956180007188,164,60.846060323321,61,180,180
9.6,40.6072854368504,41,174.999269747853,175,28.6892500128561,29,168.858412204011,169,14.1883996565788,14,165.248029226836,165,59.8277303291093,60,180,180
9.625,39.7019025433888,40,174.39674161269,174,30.3193038779341,30,170.543666577887,171,15.1914077578255,15,166.783744150978,167,58.6460010785912,59,180,180
9.65,38.8097691648069,39,173.655437600442,174,32.1976585028158,32,172.297265769554,172,16.2994477395164,16,168.149752558632,168,57.3962078233853,57,180,180
9.675,37.9325779382896,38,172.83275543954,173,34.0633576235745,34,174.053832617354,174,17.4149918407216,17,167.781824902412,168,56.1395362936291,56,180,180
9.7,37.1126942618432,37,171.878508413081,172,35.905985998815,36,175.799461153182,176,18.3835912298427,18,166.144684395811,166,54.8999367078476,55,180,180
9.725,36.2695685136436,36,170.75537074804,171,37.0862519224145,37,177.516137399896,178,18.9881047505809,19,164.109871833028,164,53.1431883018536,53,180,180
9.75,35.2575222296729,35,170.05102209401,170,36.6930227747406,37,179.390690380796,179,19.611925329778,20,165.118809575509,165,52.9903977650794,53,180,180
9.775,34.2494065537297,34,169.476371580531,169,37.466860544321,37,180,180,20.193253370852,20,165.752552581388,166,54.3864723540361,54,180,180
9.8,33.270400684475,33,168.859929727659,169,38.9312270710077,39,180,180,20.586903020679,21,166.922159728083,167,56.1610845087382,56,180,180
9.825,32.3013423266053,32,168.234004550999,168,40.5788327165152,41,180,180,20.914708613618,21,168.115266344778,168,57.9866198257577,58,180,180
9.85,31.3193050313939,31,167.635847293821,168,42.2769433141106,42,180,180,21.1923905240424,21,169.31746866256,169,59.7078909865907,60,180,180
9.875,30.3415434825349,30,167.020256566659,167,43.9631052859772,44,180,180,21.4296636449633,21,170.51531643365,171,60.7814946652337,61,179.201956109769,179
9.9,29.760760410756,30,166.078580472519,166,45.2572674283469,45,180,180,22.1669214150998,22,171.198442979056,171,59.8573514966828,60,178.575133007264,179
9.925,29.2577688429554,29,165.182063931583,165,46.7864955372393,47,180,180,23.5933222326084,24,172.342487774955,172,58.935516617078,59,178.033189292534,178
9.95,28.9478905675274,29,163.7889781336,164,48.3086167467014,48,180,180,24.4205090581431,24,171.455757636729,171,57.8648752609045,58,177.555719342078,178
9.975,28.6887395396621,29,162.221805747169,162,49.0966104194777,49,180,180,24.7954674703806,25,169.772198582374,170,56.4453478269647,56,178.204582636418,178
10,28.6369878174912,29,160.864519169071,161,50.4133615384119,50,180,180,26.0949508123899,26,170.666836883467,171,57.3756593192085,57,178.542213924454,179
